V1, V2
6,3576
7,1032
7,2094
7,3380
8,1486
8,1424
8,1486
8,1682
8,1424
8,1615
8,1682
8,2801
8,2120
9,1812
10,1537
11,3272
11,2336
11,1929
11,1067
11,1333
15,1374
16,1374
22,1430
23,1300
23,3399
23,2422
23,2782
23,2219
23,2124
24,1448
25,2124
25,2124
26,1270
26,2491
26,2422
26,2782
26,2219
26,2124
26,2124
29,3546
29,3109
30,2238
30,1268
30,1527
30,1036
30,3119
30,1755
31,1268
31,1036
31,1030
33,1643
33,1332
33,1503
33,2857
33,2853
33,1052
33,1397
33,1694
33,3617
33,1127
33,1127
33,1140
34,2774
35,1795
38,3546
38,3109
43,1168
43,2109
45,2002
45,1104
46,1697
51,3546
51,3109
52,1003
52,3092
52,3547
52,1805
52,2916
52,3680
52,1805
52,1040
52,3863
52,1616
52,1164
52,1460
52,1802
52,1336
52,1253
52,1590
52,2125
52,2446
52,2428
52,2057
53,3546
53,3109
54,1197
54,2564
54,3762
54,1624
55,3546
55,3109
56,1194
57,3546
57,3109
58,3546
58,3109
59,1425
59,2782
62,3546
62,3109
63,3546
63,3109
65,3546
65,3109
66,3546
66,3109
68,3546
68,3109
69,3546
69,3109
71,3546
71,3109
72,3546
72,3109
73,3057
73,1521
74,3546
74,3109
75,1816
76,1054
77,1027
77,1046
77,1598
78,3561
78,1596
78,2733
78,2925
78,1265
78,3651
78,3489
78,2877
78,3129
78,1451
78,3459
78,3072
78,1309
78,2232
78,3083
78,2232
78,3702
78,3072
78,1512
78,3702
78,3397
79,1111
79,2918
79,1992
79,3259
79,3259
79,2498
79,1992
80,1279
85,1091
88,1689
88,1580
88,1478
89,3594
91,3259
91,1817
91,1759
92,3226
92,1633
96,1726
100,1340
105,1605
105,3079
105,1735
108,3753
108,3109
108,2797
110,1530
111,1495
111,1495
112,1345
115,1536
115,3314
121,3150
121,3594
122,1739
122,1642
122,1086
123,1587
123,1409
123,3407
123,3407
123,3489
123,1451
123,3459
123,3072
123,2232
123,1512
123,3459
124,1347
126,3259
126,2498
126,1576
126,3226
126,1687
126,2918
127,1138
127,3120
127,1683
129,3594
131,1350
135,1026
135,2801
136,2109
136,1069
137,1291
137,1398
137,3493
137,1523
138,1745
140,3622
140,3682
141,3716
141,1577
141,3716
141,3075
141,1577
141,1577
141,3716
141,3326
141,3871
141,3349
141,2539
141,3706
141,3706
141,2674
141,1894
141,2801
141,2801
141,2801
141,3657
141,2149
141,3080
141,3162
141,3162
145,1088
145,1439
148,1803
148,2073
148,2801
148,2801
149,1068
149,2936
149,2290
149,2335
149,1299
150,2697
150,2697
150,1509
150,1392
150,1672
153,3753
162,2782
162,3753
162,3109
162,2797
165,1062
167,3753
167,3109
167,2797
169,2649
169,3200
169,1358
169,1167
175,3454
175,2141
175,1776
179,3753
179,3753
179,2797
180,1419
180,1570
181,3848
182,2340
184,1173
184,1768
185,1160
191,1567
193,1650
194,1206
195,1489
195,2635
195,1489
197,3282
199,1879
200,1469
201,1786
202,3282
207,1738
207,2501
207,2053
207,2164
211,1530
214,3753
215,3259
216,1932
217,1932
220,1221
220,1759
221,1033
221,1517
221,1372
222,1817
222,1249
223,1530
225,3753
225,3109
225,2797
226,3753
227,3753
227,2797
228,3505
229,1440
229,3321
229,1740
230,3753
232,1530
233,3434
233,1349
233,1349
234,3282
236,1625
236,1057
236,1207
236,3232
236,1659
236,1195
236,3039
236,1809
236,3335
236,1694
236,1571
236,2801
239,1260
239,1770
239,3594
240,1239
240,2760
240,2047
240,2047
240,1221
240,1759
241,2602
241,1189
243,1319
244,1001
244,2143
247,1009
247,1461
247,1051
248,1211
248,1560
249,1647
251,3753
253,3753
253,3753
253,2797
255,3594
255,1759
257,1407
257,1252
257,1286
258,1530
263,3753
265,1206
266,1732
268,3858
268,1489
269,1844
269,1128
270,3848
270,2719
270,2286
270,1844
273,2479
273,1103
274,1953
276,3753
276,2797
280,1121
280,2932
280,1604
280,1384
281,1530
285,1804
290,1809
291,1351
291,3880
291,2902
291,1328
291,1421
291,1809
293,1316
293,3619
293,1743
297,1862
306,1530
308,3259
308,3560
308,1184
308,3594
308,1982
308,3397
308,2159
309,3753
312,3753
316,3753
319,3753
319,3753
321,3372
322,1666
324,1982
324,2159
325,1547
325,2036
326,1047
326,1547
326,2036
326,1792
326,1302
326,2022
326,3836
326,1047
326,2036
326,1047
326,1520
326,1623
326,1047
328,3753
328,2797
330,3753
330,2797
333,1498
333,3272
333,1607
335,1701
336,2625
336,1505
336,1629
337,1223
337,1223
338,3753
338,2797
339,1254
339,1584
339,2801
339,2355
339,1176
341,1260
341,2632
341,2203
341,3843
341,3694
341,1843
341,3594
341,3162
341,1023
343,1352
344,1408
346,1706
348,3753
348,2797
350,1069
351,1717
351,1200
353,1037
353,1292
353,1050
357,1488
357,3162
359,1120
360,3454
360,1771
361,3842
361,1785
365,1376
365,3881
365,1837
365,1541
365,1658
365,3482
365,1837
365,1364
368,1201
369,3109
370,3282
371,3267
371,1191
371,1501
371,1191
371,1501
375,3267
375,1191
375,1501
375,1191
375,1501
377,1488
378,2305
378,1053
379,3434
379,1540
379,1540
379,1078
380,2305
380,1402
380,1480
380,1053
382,3753
382,2105
383,1155
385,2579
385,1433
386,2235
387,1175
387,1721
387,1314
388,3267
388,1191
388,1501
388,1191
388,1501
389,3545
389,1639
391,2579
393,2439
393,1752
393,1511
396,1145
397,3742
397,1148
397,3528
397,3591
397,3290
397,2386
397,3561
397,1588
397,1654
397,1619
397,2877
397,3129
397,3296
397,3615
397,3852
397,1387
397,1079
397,3528
397,3290
397,1588
397,3528
397,3290
397,3742
397,1814
397,3459
397,2801
397,2801
398,3699
398,1322
398,3145
398,3195
398,1153
398,3130
398,1377
398,2867
398,1144
399,1778
399,3549
400,1846
401,1458
401,1810
402,1723
402,1612
403,3597
403,1985
403,2820
404,2374
405,1251
405,3137
406,3678
406,1464
407,1558
407,1229
408,1692
409,1368
409,1445
409,2526
409,3137
410,1422
413,1669
414,1513
414,1774
414,1614
414,1692
415,2476
415,1382
415,1835
421,2715
424,3267
424,1191
424,1501
424,1191
424,1501
425,2235
425,1318
425,1348
425,1247
425,1491
425,1548
425,1673
425,1124
425,1618
425,3587
425,1550
425,1565
425,1096
425,1105
425,1652
428,2235
428,2235
428,1152
429,1175
429,1721
429,1314
432,1664
432,3648
432,1664
434,3753
444,1488
444,1374
444,3162
445,1595
446,1597
446,1290
447,2109
448,1488
448,1374
448,3162
451,1012
452,1626
453,1288
453,2142
454,1426
454,1234
454,1393
455,1135
455,1471
455,1722
464,1600
481,3546
481,3109
483,3546
483,3109
484,3546
484,3109
485,3546
485,3109
486,3546
486,3109
487,3239
487,2142
487,1518
487,1056
487,1090
488,1282
488,1660
488,1196
488,1106
488,1125
488,2457
488,1660
488,1196
488,1125
488,3478
488,2307
490,1552
490,2531
490,3340
490,1204
490,1245
490,1801
490,1822
490,1794
493,1020
494,3546
494,3109
495,3546
495,3109
497,3546
497,3109
501,3282
501,3885
501,2645
501,3013
503,1246
504,1169
505,1246
510,1750
514,1391
514,2521
518,1246
519,3687
519,1825
520,1246
520,1098
522,3546
522,3109
523,3546
523,3109
524,3416
524,3687
524,1737
525,3546
525,3109
558,3546
558,3109
560,3546
560,3109
561,3546
561,3109
562,3546
562,3109
564,3546
564,3109
565,3546
565,3109
566,3546
566,3109
567,3546
567,3109
568,3546
568,3109
570,3152
570,1731
571,1681
571,1298
572,1640
572,1562
572,1728
572,1269
572,1441
572,3509
572,1410
573,1679
573,3562
573,1432
573,1080
576,1179
587,1468
587,3476
587,1591
587,1394
592,1881
592,3485
592,3795
592,2182
592,1827
592,3438
593,1474
593,1378
594,1362
594,1063
594,1748
599,1617
599,1015
599,1775
602,1773
602,1789
605,3611
606,1762
606,1456
608,1232
608,1231
609,2068
609,1702
609,1085
609,1457
609,2801
609,2877
609,2120
609,1704
610,1630
610,1630
611,2068
611,3724
611,2068
611,1048
611,1702
611,1085
611,1457
611,2801
611,2877
611,2120
611,1704
612,1375
612,1751
612,3177
612,1462
612,3060
613,1503
613,1503
613,1926
613,1522
613,1202
613,1272
614,1539
615,1085
615,1757
615,1809
615,1826
615,1809
615,1841
615,1524
615,2741
615,3191
615,1694
615,2741
616,1677
616,1836
616,1602
616,1602
619,1475
620,1115
620,1170
620,1881
620,1099
623,1444
624,3251
624,3528
624,3251
624,3489
624,1453
624,3742
624,2549
624,3528
624,3290
624,1451
624,1512
624,3072
624,1309
624,2232
624,3083
624,2232
624,3072
624,3702
624,1512
624,3702
624,3397
628,1055
628,1122
629,3844
629,1823
629,1823
629,3177
629,1369
629,1908
629,3177
629,3177
629,2076
629,3177
629,2987
629,2074
629,1535
629,3176
629,3105
629,3105
638,1396
639,1267
641,1953
642,1593
643,3546
643,3109
644,1848
645,3546
645,3109
646,3546
646,3109
650,1064
651,1296
654,3546
654,3109
655,3546
655,3109
656,3546
656,3109
657,3546
657,3109
658,2487
658,1198
660,3546
660,3109
661,3546
661,3109
662,3546
662,3109
663,3546
663,3109
664,3546
664,3109
665,3546
665,3109
666,3546
666,3109
667,1690
668,1481
668,1283
669,3546
669,3109
670,3546
670,3109
671,3546
671,3109
672,3546
672,3109
673,3546
673,3109
674,3546
674,3109
675,1166
675,2782
675,3546
675,3109
676,3546
676,3109
678,3546
678,3109
679,3546
679,3109
680,3546
680,3109
681,3546
681,3109
683,3546
683,3109
685,1294
685,1192
685,1074
685,3546
685,3109
686,3546
686,3109
689,3546
689,3109
691,3546
691,3109
692,3546
692,3109
693,3546
693,3109
694,3546
694,3109
695,1753
696,2936
696,2290
696,2335
696,1592
696,1840
696,1764
696,1303
700,1307
701,1014
703,2119
703,1188
704,1726
704,3334
704,1574
705,3546
705,3109
707,1411
707,2923
707,1060
707,1406
707,2472
707,1463
707,3358
707,2801
707,1857
708,3546
708,3109
711,2439
713,1406
713,1998
713,1367
714,3345
714,1828
714,3453
714,2890
715,2923
715,1060
716,3699
716,1238
716,1741
716,1131
716,1132
717,1250
717,1504
717,1767
721,2439
721,1061
722,3546
722,3109
724,3546
724,3109
725,3546
725,3109
727,3067
727,2275
727,2714
727,2240
727,2201
727,3398
727,2714
727,2816
727,1089
727,2240
727,1695
727,3525
727,1526
727,1695
727,1312
728,3546
728,3109
729,3546
729,3109
731,2402
731,1109
733,3524
733,2390
733,2214
733,1516
733,3737
733,1295
733,1787
733,3721
734,3546
734,3109
737,1806
737,1692
739,3264
739,1871
739,2253
739,2342
739,1220
740,1346
740,3264
740,1871
740,1220
741,3754
741,2043
741,1157
742,1621
742,3557
742,3438
744,1606
745,1160
745,1335
753,1289
758,1675
760,1696
760,1854
760,3198
760,1765
760,1297
760,1758
760,1854
760,1435
760,2694
760,1310
760,3909
760,1850
760,1310
760,1564
761,1881
761,1472
762,1482
762,1133
763,3067
763,1695
763,1089
763,3067
763,2275
763,2714
763,2240
763,2201
763,3398
763,2714
763,2816
763,1473
763,1306
763,1193
763,1162
764,3232
764,1769
764,1002
764,1864
765,3707
766,1855
768,3057
768,1521
769,1298
771,1187
774,3113
774,2142
774,1056
779,1331
779,1341
780,2569
780,1209
782,2957
784,2957
786,1808
787,1781
789,2957
792,1865
793,2957
794,2860
794,3613
794,1154
795,1781
795,2957
796,1160
796,1248
796,1334
796,3494
796,1650
798,1236
799,1224
800,3552
800,1205
802,1264
805,1575
805,1519
806,1342
806,1858
809,1242
810,1712
812,1811
813,3434
813,1349
813,1349
814,2885
814,1428
814,1379
814,1113
815,3053
815,3454
815,2772
815,1595
815,3454
815,1595
815,2772
816,1606
816,1606
816,3573
823,3232
825,1707
827,2569
828,1329
829,1649
831,1261
833,3470
833,3611
834,3232
836,1134
841,1116
841,2374
843,3272
844,3251
844,3528
844,3251
844,3489
844,1453
844,3742
844,3528
844,3290
844,3561
844,1451
844,1512
844,3459
844,2120
844,2801
844,3072
844,3702
844,3459
844,2801
844,1512
844,2159
845,3053
845,3454
845,2772
845,1595
845,1018
845,1595
845,3454
845,1595
845,2772
847,1199
849,1720
850,1008
850,1243
850,1670
850,1262
854,1635
855,1351
855,3880
855,2902
855,1328
855,1421
855,1809
856,1635
858,1143
858,1359
858,1367
860,1185
862,1031
863,1007
865,2568
865,3620
866,1412
867,1244
868,1019
869,1766
869,1528
869,1150
869,1528
870,1213
872,1747
872,1102
872,1819
872,1214
872,1831
872,1102
872,1613
872,1102
873,1159
879,1636
885,3781
885,1034
889,1293
889,2694
889,1798
889,3781
891,1636
892,3627
892,1813
897,3445
904,1861
906,2568
906,3620
909,1703
909,1029
913,1611
916,1190
916,1514
916,1838
916,1203
916,1861
917,1492
918,1784
919,1101
919,1156
919,1215
919,1147
919,1746
919,1215
919,1101
920,1101
920,1156
920,1215
920,1147
920,1746
920,1215
920,1101
925,1594
925,1380
925,1491
925,1594
925,1543
925,1284
925,2377
925,1515
927,1729
927,2157
928,1971
928,1583
928,1183
928,1779
930,1484
931,1073
931,3454
932,1015
933,1108
936,1842
936,1418
936,1273
936,1273
936,1284
936,1353
937,2521
937,2697
937,1326
937,2768
937,1039
937,2521
938,2528
938,2528
938,3850
942,1101
942,1156
942,1215
942,1112
942,1746
942,1215
942,1101
945,1385
946,1716
946,1073
946,3454
946,1004
947,1449
947,1818
947,1668
947,2372
949,1215
949,1147
949,1746
949,1215
949,1101
951,1073
951,3454
952,1586
952,1274
953,1746
953,1147
953,1746
953,1215
953,1101
954,1685
955,1582
956,1443
957,1006
959,1635
960,1351
960,3880
960,2902
960,1328
960,1421
960,1809
961,2159
961,3086
961,2598
961,1633
961,3594
961,1982
961,1230
962,1097
965,1351
965,3880
965,2902
965,1328
965,1421
965,1809
966,1860
967,2067
967,2805
967,1217
967,1062
968,2068
973,1477
974,1370
974,1730
974,1736
975,2957
977,1084
979,3727
979,1149
979,1578
979,1663
979,1579
979,2394
980,1093
980,1356
981,3267
981,1191
981,1501
981,1191
981,1501
982,3267
982,1191
982,1501
982,1191
982,1501
984,1493
986,3531
986,3886
987,1400
988,1305
988,3177
988,2074
988,2074
988,2573
988,2074
988,1508
989,1532
989,1534
989,1413
990,1506
990,1546
990,1546
991,1507
992,3742
992,3489
992,1259
992,3072
992,1309
992,2232
992,3083
992,2232
992,3437
992,3528
992,1371
992,3561
992,3702
992,1512
992,3486
992,2159
994,1667
994,3162
994,2801
996,1661
997,1401
998,3611
998,1692
1000,1281
1000,1110
1000,1568
1000,3351
1000,1339
1001,2569
1001,2569
1001,2609
1001,3315
1001,3168
1001,2946
1001,2143
1001,2569
1003,3284
1003,2743
1003,3547
1003,3895
1004,3605
1004,2592
1004,1959
1006,2688
1006,2130
1007,3610
1008,2938
1008,3731
1008,2949
1008,2938
1012,2023
1012,2114
1015,2621
1015,1897
1015,1897
1015,3440
1018,2274
1018,3667
1018,3454
1018,2814
1019,3161
1019,3885
1019,2645
1019,3753
1019,2272
1019,3013
1019,3885
1019,2645
1020,2174
1023,3594
1023,2632
1023,2203
1023,3162
1023,3843
1026,2754
1031,2360
1031,3047
1031,2785
1032,2935
1032,2094
1032,3449
1032,3117
1034,3854
1034,2199
1034,3781
1034,3084
1034,3813
1034,3181
1039,3395
1039,2028
1039,2523
1039,3712
1046,2266
1046,2126
1046,3811
1047,2558
1047,2036
1047,2117
1047,2117
1047,2984
1047,3265
1047,2541
1047,3534
1047,2835
1047,3679
1047,3151
1047,3836
1047,3836
1048,3789
1048,2068
1050,2088
1050,3719
1050,2756
1050,2258
1050,2065
1050,2781
1050,2233
1050,3770
1050,2731
1053,2305
1054,2305
1055,1892
1055,2864
1056,2142
1056,3113
1056,3879
1060,3761
1060,2653
1060,2923
1060,1968
1060,2215
1060,2147
1060,2310
1060,1968
1060,1951
1062,2067
1062,2805
1063,2067
1063,2805
1064,2544
1064,2559
1067,2336
1067,1929
1067,1938
1068,2346
1069,2570
1069,3219
1069,2064
1073,1963
1073,3454
1073,3454
1073,3681
1074,3109
1078,3805
1079,2550
1079,2821
1079,2539
1086,3775
1086,2021
1086,2021
1086,2268
1086,3530
1089,3525
1089,3525
1089,3067
1089,2275
1089,3067
1089,2275
1089,2714
1089,2240
1089,2201
1089,3398
1089,2714
1089,2816
1089,3367
1089,2178
1089,3525
1089,2275
1090,3239
1090,3406
1091,2554
1091,3139
1091,3532
1091,3139
1093,3531
1093,3429
1093,2995
1093,2828
1093,3886
1093,3886
1093,3531
1097,3610
1098,3568
1098,1931
1099,1881
1102,3559
1102,3396
1102,2228
1102,2762
1102,3635
1102,3357
1102,2397
1102,2591
1102,3174
1102,2309
1102,2679
1102,3078
1102,3866
1102,2606
1102,3210
1102,3704
1102,3833
1102,3240
1102,3138
1102,2613
1102,3378
1102,2089
1102,3325
1102,3473
1102,3473
1102,3642
1102,3520
1102,3629
1102,2270
1102,2990
1102,2270
1102,2270
1102,2218
1102,1979
1102,3097
1102,3733
1102,1970
1102,1970
1102,3776
1102,2003
1102,2952
1102,2952
1102,2874
1102,2367
1102,2623
1102,3822
1102,3444
1102,2414
1102,3068
1102,2367
1102,3201
1102,3273
1102,2504
1102,2504
1102,3901
1102,2288
1102,3750
1102,2802
1102,2858
1102,3396
1102,2560
1102,2778
1102,3099
1102,2566
1102,2802
1102,3099
1102,3685
1102,2058
1102,2802
1102,3575
1102,2802
1102,2802
1102,3441
1102,2007
1102,3289
1102,2931
1102,3646
1102,2597
1102,3564
1102,2075
1102,2891
1102,3110
1102,3821
1102,3143
1102,3821
1102,2909
1102,2075
1102,3249
1102,2223
1102,3110
1102,1984
1102,3507
1102,3799
1102,1934
1102,2991
1102,2994
1102,2994
1102,3543
1102,3356
1102,2332
1102,2332
1102,3840
1102,3498
1102,3035
1102,3021
1102,3640
1102,3739
1102,3248
1102,3021
1102,3021
1102,2397
1102,2397
1102,2313
1102,2291
1102,2484
1102,2798
1102,2135
1102,3046
1102,2547
1102,3210
1102,2879
1102,2596
1102,2042
1102,2585
1102,2596
1102,2962
1102,3558
1102,2433
1102,3713
1102,2966
1102,2855
1102,2866
1102,3536
1102,2468
1102,2468
1102,3002
1102,3059
1102,3830
1102,3536
1102,3002
1102,2468
1102,2794
1102,2383
1102,3050
1102,3458
1102,2383
1102,2101
1102,2764
1102,2383
1102,2020
1102,2331
1102,2383
1102,2383
1102,3738
1102,3433
1102,2497
1102,3136
1102,3826
1102,3826
1102,2179
1102,1962
1102,1967
1102,1890
1102,1884
1102,2325
1102,2341
1102,2341
1102,3066
1102,3097
1102,2628
1102,2985
1102,2662
1102,2985
1102,2451
1102,2802
1102,3861
1102,2056
1102,3816
1102,2802
1102,3432
1102,2254
1102,3564
1102,2183
1103,2479
1104,2865
1104,2654
1104,2002
1104,3206
1104,3206
1104,3571
1104,3537
1106,3364
1106,3478
1106,2307
1108,2750
1108,2079
1108,2705
1108,2079
1109,2402
1110,2402
1111,3903
1112,2333
1112,3638
1112,3363
1112,3155
1112,2482
1113,2333
1113,3638
1113,3363
1113,3155
1113,2482
1116,1923
1116,2449
1120,2614
1120,3854
1120,2372
1121,2577
1121,2932
1121,2932
1121,2932
1122,3358
1122,2907
1122,2377
1122,2801
1122,2969
1122,2033
1124,2235
1125,3364
1125,2457
1125,3478
1125,2307
1131,3602
1131,2579
1131,3764
1131,3445
1131,3754
1131,3291
1131,2030
1131,3454
1131,3754
1132,3602
1132,2579
1132,2685
1132,2617
1132,3764
1132,3445
1132,3754
1132,3291
1132,2030
1132,3454
1132,3754
1135,2695
1135,3100
1135,3029
1144,3430
1144,2926
1144,3825
1144,3592
1144,2974
1144,2317
1144,2425
1144,2867
1144,3298
1144,2207
1144,3758
1147,3350
1148,3528
1148,3290
1148,3742
1148,2683
1148,3742
1148,3251
1148,3528
1148,3591
1148,3290
1148,2386
1148,3561
1149,3727
1150,3359
1153,1939
1153,2027
1153,1955
1153,2610
1153,2869
1153,3699
1154,2113
1154,2860
1154,3613
1154,3037
1157,3741
1157,2043
1157,2908
1157,3601
1157,3696
1157,3754
1157,2043
1160,2200
1160,1993
1160,2601
1160,2099
1160,3140
1160,3142
1160,2049
1162,3308
1164,3894
1164,2895
1164,2261
1164,2057
1164,2446
1164,2428
1164,2057
1164,3250
1164,2057
1164,2057
1164,2057
1164,3607
1164,3479
1164,2790
1164,3555
1164,3907
1164,3144
1164,2227
1164,2116
1164,3661
1164,2464
1164,3254
1164,2381
1164,1948
1164,3134
1164,2245
1164,2583
1164,2125
1164,2403
1166,3894
1166,2895
1166,2261
1166,2057
1166,2446
1166,2428
1166,2057
1166,3250
1166,2057
1166,2057
1166,2057
1166,3607
1166,3479
1166,2790
1166,3555
1166,3907
1166,3144
1166,2227
1166,2116
1166,3661
1166,2464
1166,3254
1166,2381
1166,1948
1166,3134
1166,2245
1166,2583
1166,2125
1166,2403
1167,3048
1167,3048
1167,1952
1167,2801
1167,3313
1167,2443
1168,2930
1168,2109
1169,3212
1169,3554
1169,3784
1169,3784
1169,2921
1169,3588
1175,2235
1175,2400
1175,2580
1175,2235
1176,2826
1176,2355
1176,2801
1183,1940
1183,3446
1184,2031
1184,1924
1184,3259
1185,2031
1185,1924
1185,3259
1187,2800
1187,3069
1187,3774
1187,3022
1187,2054
1187,3022
1188,2119
1189,2920
1189,2410
1189,1985
1189,3372
1189,2655
1189,2766
1189,2920
1189,3372
1189,2831
1189,2410
1191,3267
1191,2928
1191,3238
1191,2633
1191,2460
1191,2483
1191,3005
1191,2124
1191,3267
1192,3109
1193,2650
1196,3364
1196,2457
1196,3478
1196,2307
1197,2857
1197,2297
1197,3526
1197,3259
1197,2918
1197,3723
1198,2487
1198,2096
1198,2806
1198,3016
1198,2590
1198,3401
1198,3310
1199,3796
1199,2707
1199,3480
1199,2236
1199,3480
1200,3773
1200,2250
1201,2524
1201,3230
1201,3753
1201,3550
1202,3431
1202,2563
1202,3166
1202,3102
1202,2565
1202,2801
1202,3809
1203,3709
1203,3323
1203,3019
1203,2091
1203,2091
1204,2158
1205,3552
1205,3031
1206,2777
1209,2569
1211,3600
1211,1917
1213,3743
1213,3603
1213,2454
1217,2067
1217,2805
1217,3517
1217,3513
1217,3147
1217,2277
1220,3783
1220,2253
1220,2342
1220,2992
1220,2640
1220,3264
1220,1871
1221,3259
1221,2047
1221,2204
1221,2047
1221,2760
1221,2024
1221,3403
1221,3648
1221,2967
1221,2760
1223,2884
1224,2353
1229,2353
1230,3653
1230,3397
1230,3098
1230,2159
1230,2213
1231,3653
1231,3397
1231,3098
1231,2159
1231,2213
1234,2979
1234,3586
1234,2668
1236,2005
1236,3618
1236,3472
1236,3277
1236,3127
1238,3602
1238,2579
1238,3699
1238,3145
1238,3195
1238,3703
1238,2420
1238,2770
1238,3764
1238,3445
1238,3754
1238,3291
1238,2030
1238,3454
1238,3754
1239,2154
1242,3415
1242,3415
1242,2753
1245,1913
1245,2507
1245,2000
1245,1991
1246,2928
1246,2675
1249,1982
1249,2159
1251,3736
1251,2486
1251,3137
1252,3259
1253,2895
1253,2261
1253,2057
1253,2446
1253,2428
1253,2057
1253,3250
1253,2057
1253,2057
1253,2057
1253,3607
1253,3479
1253,2790
1253,3555
1253,3907
1253,3144
1253,2227
1253,2116
1253,3661
1253,2464
1253,3254
1253,2381
1253,1948
1253,3134
1253,2245
1253,2583
1253,2125
1253,2403
1260,3594
1260,2260
1261,3846
1261,3846
1261,2647
1261,3846
1261,3338
1261,2647
1261,3846
1261,3027
1261,2752
1264,3734
1264,3319
1264,3535
1265,3912
1265,3390
1265,2749
1265,3882
1265,3407
1265,1999
1265,2015
1265,2733
1265,3437
1265,3251
1265,3528
1265,3251
1265,3561
1265,2110
1265,2448
1265,3716
1265,3349
1265,3871
1265,2674
1265,2698
1265,2801
1265,2801
1265,3349
1265,2925
1265,2925
1265,2674
1265,3486
1265,2539
1267,2535
1267,3838
1267,2812
1267,3246
1267,2543
1267,3355
1267,2763
1267,3626
1267,3804
1267,2195
1267,2195
1267,2812
1267,2812
1267,2812
1267,3626
1267,3626
1270,2491
1270,2422
1270,2782
1270,2219
1270,3300
1270,2108
1270,3539
1270,2208
1270,2602
1270,2347
1270,3064
1273,3514
1273,2037
1274,2138
1283,2299
1284,1937
1284,2933
1286,2728
1288,2241
1288,1987
1288,1953
1291,3493
1291,2704
1293,2694
1293,2834
1293,2665
1293,2298
1293,2210
1294,3109
1295,3524
1295,2390
1295,3721
1298,3380
1298,2514
1298,2727
1300,3399
1300,2422
1300,2782
1300,2219
1300,3300
1300,2108
1300,3539
1300,2208
1300,2602
1300,2347
1300,3064
1302,3399
1302,2422
1302,2782
1302,2219
1302,3300
1302,2108
1302,3539
1302,2208
1302,2602
1302,2347
1302,3064
1303,3689
1303,3874
1303,2438
1303,3344
1303,2282
1303,3000
1303,2225
1303,2185
1303,3427
1307,1881
1307,2016
1309,3072
1310,2194
1310,2734
1310,3003
1310,1914
1310,2194
1310,2986
1312,3525
1312,3525
1312,3067
1312,2275
1312,3067
1312,2275
1312,2714
1312,2240
1312,2201
1312,3398
1312,2714
1312,2816
1312,3367
1312,2178
1312,3525
1312,2275
1314,2235
1314,2400
1314,2580
1314,2235
1316,3322
1316,3788
1316,3788
1318,2773
1319,2787
1319,3301
1319,3329
1319,3215
1322,3699
1322,3195
1322,3818
1326,2677
1326,3170
1326,3160
1326,2845
1326,2521
1326,1912
1328,2839
1328,3880
1328,2902
1328,2757
1328,2702
1328,1873
1328,3855
1331,2699
1331,2699
1333,2132
1333,2343
1333,2302
1333,2326
1333,2801
1333,2539
1333,1904
1333,3272
1333,2152
1333,2120
1333,2801
1333,2163
1333,3307
1333,2801
1333,2063
1333,3223
1333,3192
1333,2149
1333,3296
1333,2292
1333,2271
1333,3615
1333,3657
1333,2149
1333,2404
1333,3459
1335,2198
1335,2198
1335,2880
1335,2742
1336,2895
1336,2261
1336,2057
1336,2446
1336,2428
1336,2057
1336,3250
1336,2057
1336,2057
1336,2057
1336,3607
1336,3479
1336,2790
1336,3555
1336,3907
1336,3144
1336,2227
1336,2116
1336,3661
1336,2464
1336,3254
1336,2381
1336,1948
1336,3134
1336,2245
1336,2583
1336,2125
1336,2403
1339,3702
1339,2913
1339,3105
1339,3060
1339,3702
1339,2394
1339,2394
1339,1944
1340,2095
1340,2187
1340,3521
1340,3515
1340,3515
1340,2751
1345,2315
1345,2810
1346,2212
1346,2823
1346,3557
1346,3754
1346,2823
1349,3361
1349,3405
1349,3405
1349,3434
1351,2340
1352,3468
1352,3649
1353,2377
1356,2377
1358,3419
1358,1996
1358,3414
1358,3643
1358,2649
1358,3200
1359,3419
1359,1996
1359,3414
1359,3643
1359,2649
1359,3200
1364,2993
1367,1998
1369,2527
1369,3624
1369,1908
1371,2120
1371,3651
1371,3012
1371,1945
1371,3397
1371,3651
1371,3651
1372,1932
1372,2906
1372,2403
1374,3702
1374,1975
1374,2818
1374,3852
1374,3702
1375,3051
1376,3051
1377,3130
1377,2657
1378,3585
1378,3337
1378,3745
1378,1885
1378,2237
1378,3269
1378,2226
1378,1926
1380,2748
1382,3095
1382,3806
1384,3777
1384,2951
1384,3422
1384,3777
1384,2407
1384,2419
1385,2093
1385,2093
1387,2093
1387,2093
1392,2038
1392,3751
1396,3202
1396,3438
1396,3015
1396,3347
1396,3586
1398,3686
1400,2801
1400,2801
1400,2120
1400,2539
1400,3411
1401,3326
1401,3407
1401,3407
1401,3871
1401,3349
1401,3251
1401,3528
1401,3251
1401,3489
1401,3706
1401,3706
1401,2674
1401,1894
1401,2355
1401,2801
1401,3129
1401,3593
1401,3561
1401,2133
1401,2539
1402,3205
1402,2388
1402,2305
1406,3718
1406,2472
1407,1982
1407,2129
1409,3407
1409,2232
1409,2733
1409,3528
1409,2232
1409,3871
1409,3349
1409,1894
1410,3509
1411,2988
1411,2923
1411,1968
1411,2362
1412,2224
1412,3241
1413,3365
1418,2780
1419,3216
1421,3062
1421,2786
1421,2801
1421,2539
1421,2642
1421,3657
1421,3305
1421,3657
1421,2149
1421,3223
1428,2885
1428,3425
1428,3576
1433,3785
1433,2862
1433,2862
1433,2308
1435,3654
1435,3464
1435,3672
1435,3711
1439,3417
1440,3675
1440,2622
1440,3382
1444,3647
1444,3740
1444,3389
1444,2330
1444,1879
1444,3832
1448,3546
1448,3109
1449,3911
1449,2134
1449,2637
1449,2600
1451,3484
1451,3528
1451,3290
1451,2673
1451,3528
1451,3290
1451,2801
1451,2539
1451,3384
1451,2355
1451,2539
1451,1904
1453,2997
1453,3020
1453,3908
1453,2801
1453,3908
1453,3528
1453,3528
1453,3349
1453,3407
1453,2327
1456,3149
1456,3316
1458,1895
1460,3894
1460,2895
1460,2261
1460,2057
1460,2446
1460,2428
1460,2057
1460,3250
1460,2057
1460,2057
1460,2057
1460,3607
1460,3479
1460,2790
1460,3555
1460,3907
1460,3144
1460,2227
1460,2116
1460,3661
1460,2464
1460,3254
1460,2381
1460,1948
1460,3134
1460,2245
1460,2583
1460,2125
1460,2403
1461,2320
1461,2320
1461,3461
1461,3481
1461,3623
1461,1867
1461,3623
1461,3040
1461,3791
1463,2934
1463,3158
1463,2850
1463,2221
1463,2746
1463,2103
1463,2943
1463,1899
1463,3070
1463,2306
1463,3279
1463,2929
1463,2746
1463,3634
1463,2720
1463,3835
1463,2348
1463,3890
1463,2567
1463,3890
1463,3641
1463,2170
1463,2761
1463,2472
1468,2644
1469,3857
1469,3366
1469,2587
1469,3759
1469,3374
1469,2118
1469,2167
1469,2450
1469,2747
1469,2035
1469,2950
1469,2156
1469,3562
1471,2710
1471,2197
1475,3187
1475,3621
1475,3247
1475,2338
1475,3658
1475,3026
1477,3797
1477,2378
1478,3383
1478,2493
1480,2305
1480,3413
1481,2299
1481,2299
1482,3207
1484,2244
1484,3451
1484,2244
1484,2244
1484,3451
1484,3271
1484,2492
1484,2244
1484,3225
1484,2184
1484,2883
1484,2303
1484,2244
1484,2593
1484,2244
1484,2244
1484,1868
1484,2244
1486,3287
1488,3583
1488,3807
1488,2539
1488,3196
1488,3614
1489,3312
1489,2083
1489,2635
1489,3858
1489,3858
1491,3447
1492,3108
1493,3729
1495,3876
1498,2976
1498,2364
1501,2928
1501,3267
1501,2928
1501,3238
1501,2633
1501,2460
1501,2483
1501,3005
1501,2124
1501,3267
1501,2166
1505,2625
1505,2488
1507,2842
1508,3177
1508,2074
1508,2608
1508,3457
1508,2573
1508,2074
1508,3176
1508,2243
1509,2697
1509,2768
1511,2439
1511,3849
1511,2898
1512,2439
1512,3849
1512,2898
1513,2384
1513,2846
1513,2384
1513,1964
1513,3209
1513,3475
1513,2384
1513,2385
1513,2701
1513,2384
1513,3360
1514,3030
1514,3117
1514,3293
1514,3449
1514,2935
1514,2094
1514,1973
1515,2953
1516,2389
1516,2915
1516,2214
1518,3540
1518,2876
1519,2852
1519,2852
1519,3152
1519,3152
1519,2502
1519,3275
1519,2538
1519,3496
1521,3362
1521,3049
1521,3697
1522,3229
1522,3843
1523,2579
1523,2423
1523,3445
1524,2639
1524,3639
1524,3617
1524,3617
1524,3335
1524,2741
1524,2741
1524,2820
1524,3843
1524,3843
1526,2363
1526,2240
1526,2714
1526,2240
1526,3222
1530,3038
1530,3649
1530,3787
1534,3392
1534,2280
1534,3676
1534,3700
1534,3529
1536,3314
1536,3266
1536,3381
1540,1875
1540,3434
1541,2328
1546,3497
1546,3420
1547,3497
1547,3420
1548,2235
1550,3386
1550,2910
1550,2595
1550,2663
1550,2804
1550,3386
1550,3587
1550,3587
1550,2726
1550,3230
1550,3096
1550,3076
1550,3752
1550,3108
1550,2262
1550,3875
1550,2808
1550,2917
1550,3768
1550,2354
1550,2681
1550,2202
1550,3230
1550,3108
1550,3587
1550,3218
1550,3007
1550,2490
1550,3194
1550,3352
1550,3587
1550,3386
1550,2630
1550,2466
1550,3108
1550,1903
1550,1903
1550,1922
1550,1988
1550,3294
1550,3465
1552,2531
1560,3628
1564,1928
1564,3071
1564,2408
1564,3343
1564,3358
1568,3702
1568,3388
1568,3093
1570,3625
1570,2371
1570,3671
1570,2809
1571,3695
1574,2279
1575,2012
1575,3503
1575,2398
1575,3211
1575,3165
1576,2684
1576,1925
1576,3226
1576,3259
1577,1916
1577,3075
1577,3597
1577,3888
1579,2394
1579,2191
1579,3897
1579,1941
1580,3213
1580,2374
1580,3088
1580,3906
1580,2429
1580,3436
1580,2429
1580,3683
1580,3199
1580,3178
1580,2106
1580,3675
1580,3008
1580,3132
1580,2851
1580,3274
1580,3213
1580,3179
1580,3633
1580,2376
1580,2376
1580,3179
1580,3633
1580,1950
1580,3179
1580,1950
1580,2626
1580,1974
1580,2659
1580,2634
1580,2813
1580,2659
1580,2337
1580,3522
1580,2337
1580,2659
1580,2626
1582,2672
1583,1971
1583,3650
1583,1971
1583,2627
1583,3690
1584,2070
1584,2539
1586,1958
1586,3793
1586,3793
1586,3673
1586,3793
1587,2733
1587,2900
1587,1999
1587,2055
1587,3006
1587,3262
1587,2539
1587,2549
1587,2793
1587,3716
1587,2801
1587,2877
1587,3129
1587,3717
1587,2539
1587,1904
1587,3883
1587,3349
1588,1883
1588,3528
1588,3528
1588,2133
1588,2133
1588,3528
1590,2006
1590,2916
1590,2165
1590,3863
1590,2165
1590,3073
1590,2006
1590,2545
1590,3580
1590,3250
1590,2446
1590,2428
1590,2057
1590,2446
1590,2165
1590,3547
1591,3476
1593,3453
1594,3203
1594,3872
1594,2586
1594,3193
1595,2771
1595,2641
1595,3053
1595,3454
1595,2772
1595,2771
1595,2814
1595,3054
1595,3393
1596,2133
1596,3593
1596,3387
1596,3410
1600,3829
1600,3504
1600,2783
1600,3036
1600,2098
1600,3823
1606,2102
1606,2485
1606,2293
1606,2102
1606,2162
1606,3146
1606,3573
1606,2588
1606,3869
1606,2162
1607,2234
1607,2791
1607,3612
1613,3887
1613,3887
1613,2017
1613,3739
1613,3728
1613,3887
1613,2017
1613,3559
1613,2962
1613,3559
1613,2377
1614,3889
1615,2959
1616,2057
1616,3606
1616,2706
1616,2428
1616,2446
1616,2428
1616,2057
1616,3636
1616,2954
1617,3599
1617,1897
1617,3440
1618,3589
1619,3561
1619,2448
1619,2539
1619,2082
1619,3561
1619,2448
1619,3561
1619,3251
1619,3251
1619,2811
1619,2539
1621,3488
1621,3185
1621,2525
1621,2667
1621,3488
1623,2619
1623,2036
1623,2432
1623,1874
1624,2564
1624,3505
1624,3259
1626,2477
1626,2983
1626,3500
1633,3598
1633,3655
1633,3086
1633,2598
1633,3259
1633,2760
1635,2712
1635,3272
1635,3272
1635,3159
1635,3272
1635,2589
1635,1930
1635,3760
1635,2911
1635,2271
1635,3616
1635,2273
1635,2795
1635,3616
1636,2358
1636,3421
1636,2873
1639,3545
1642,3533
1649,2489
1649,3103
1649,3288
1649,3009
1649,1972
1649,2300
1649,3462
1650,3494
1654,3484
1654,3251
1654,3528
1654,3290
1654,2683
1654,2683
1654,3742
1654,3251
1654,3528
1654,3290
1658,3448
1658,3893
1658,2557
1658,3511
1658,2334
1658,2127
1658,3691
1658,3893
1658,1947
1658,3448
1658,2656
1658,3746
1658,3061
1658,3303
1658,3730
1658,3670
1660,3364
1660,2457
1660,2871
1660,2405
1660,3478
1660,2307
1661,3724
1661,3039
1661,2821
1661,3101
1661,3102
1664,2465
1664,3902
1664,2391
1664,2391
1668,2372
1668,3896
1668,2334
1668,1877
1668,3231
1668,2100
1668,1935
1668,3812
1668,2257
1669,2476
1669,2231
1669,2476
1670,3780
1672,2019
1672,2496
1673,2235
1677,3566
1677,2365
1682,1615
1682,2913
1682,3126
1682,2318
1682,3466
1682,2693
1682,3844
1682,2050
1683,3120
1687,2564
1687,2788
1687,3226
1687,2377
1687,2044
1692,3477
1695,3525
1695,3067
1695,2275
1695,3067
1695,2275
1695,2714
1695,2240
1695,2201
1695,3398
1695,2714
1695,2816
1695,3367
1695,2178
1695,3525
1695,2275
1696,2406
1696,3184
1696,2255
1696,3184
1696,3590
1697,2046
1703,3519
1704,2120
1704,2264
1704,2150
1704,2691
1704,3459
1704,3459
1716,2034
1716,3418
1716,2548
1716,3188
1716,2863
1716,2964
1716,2029
1716,2034
1717,3448
1717,3881
1717,3448
1720,2696
1721,2235
1721,2400
1721,2580
1721,2235
1722,2377
1723,2377
1726,3454
1726,3754
1726,2923
1726,2189
1726,2189
1726,3602
1726,3754
1726,2579
1726,3854
1726,2646
1726,2519
1726,3577
1726,3258
1726,3684
1726,2847
1726,3302
1726,2664
1726,3454
1726,3445
1726,3454
1726,3786
1726,3445
1726,2801
1726,3551
1726,2437
1726,2723
1728,3454
1728,3754
1728,2923
1728,2189
1728,2189
1728,3602
1728,3754
1728,2579
1728,3854
1728,2646
1728,2519
1728,3577
1728,3258
1728,3684
1728,2847
1728,3302
1728,2664
1728,3454
1728,3445
1728,3454
1728,3786
1728,3445
1728,2801
1728,3551
1728,2437
1728,2723
1729,3056
1729,3763
1729,1942
1729,2350
1729,3268
1729,2157
1729,2136
1731,2010
1731,1901
1731,2424
1731,1927
1732,2010
1732,1901
1732,2424
1732,1927
1735,3197
1735,3079
1736,3426
1736,3834
1736,2829
1736,1946
1737,3426
1737,3834
1737,2829
1737,1946
1738,2501
1738,2053
1738,2164
1740,3321
1740,2289
1740,2690
1740,3213
1740,1956
1741,2579
1741,3602
1741,2579
1741,3764
1741,3445
1741,3754
1741,3291
1741,2030
1741,3454
1741,3754
1741,1920
1741,3581
1743,2724
1743,3619
1743,3619
1743,3260
1743,2329
1743,2066
1743,2287
1743,2329
1743,2329
1743,3139
1743,3604
1743,2097
1743,3260
1743,3619
1745,2581
1745,2069
1745,2349
1746,3353
1746,2851
1746,2323
1747,2966
1747,2855
1747,2866
1748,2890
1748,2998
1748,2890
1748,3854
1748,3181
1750,3815
1752,2453
1753,2473
1755,3119
1755,2238
1759,1982
1764,3630
1764,3831
1764,1966
1764,2936
1764,2290
1764,2335
1765,3198
1765,2522
1766,3824
1770,1980
1770,3594
1771,3454
1771,3055
1771,3057
1773,2061
1773,2944
1773,3884
1773,3675
1773,2851
1773,3351
1773,1896
1775,1897
1775,3440
1776,2779
1778,3549
1778,3549
1778,1881
1779,3171
1781,2205
1781,2957
1781,2352
1781,2411
1784,2248
1784,2361
1784,3327
1784,3058
1784,2474
1786,3557
1787,3524
1787,2390
1787,3721
1789,3242
1789,3331
1792,3644
1792,3063
1792,3063
1792,2537
1792,2022
1798,2904
1798,3219
1798,2064
1798,2904
1798,2886
1798,3631
1798,2594
1802,3894
1802,2895
1802,2261
1802,2057
1802,2446
1802,2428
1802,2057
1802,3250
1802,2057
1802,2057
1802,2057
1802,3607
1802,3479
1802,2790
1802,3555
1802,3907
1802,3144
1802,2227
1802,2116
1802,3661
1802,2464
1802,3254
1802,2381
1802,1948
1802,3134
1802,2245
1802,2583
1802,2125
1802,2403
1803,2276
1803,2073
1803,2801
1803,2539
1803,3384
1803,2355
1804,2658
1804,3235
1805,2916
1805,2165
1805,3224
1805,3680
1805,3490
1805,2026
1805,2417
1805,2026
1805,2165
1805,1960
1805,2169
1805,2631
1805,3375
1806,3004
1806,3148
1806,3285
1806,2924
1808,3118
1810,2629
1810,3114
1810,2937
1810,1895
1810,2948
1811,2767
1811,3492
1812,2456
1812,2520
1812,2452
1812,2758
1812,2758
1813,3627
1814,1981
1814,2840
1816,3722
1816,2760
1817,3150
1817,3259
1817,3723
1818,3487
1818,3668
1818,3668
1818,3668
1818,3668
1818,3336
1818,2316
1818,2648
1818,2281
1818,3160
1819,3559
1823,3844
1823,2982
1823,3017
1823,3442
1823,2050
1823,3445
1823,2050
1825,2978
1825,2574
1825,1989
1825,3416
1825,3687
1826,2978
1826,2574
1826,1989
1826,3416
1826,3687
1827,2551
1827,2736
1827,2510
1828,2295
1828,3674
1831,3559
1831,3559
1831,3558
1831,3559
1835,2666
1835,2604
1838,2382
1838,2319
1838,2319
1838,1865
1838,2319
1838,2319
1838,2529
1838,2091
1838,3090
1838,3394
1838,3167
1838,3802
1838,2319
1838,3163
1842,2039
1842,3065
1843,2039
1843,3065
1844,2286
1844,3010
1844,3851
1844,2286
1850,3909
1854,2090
1854,3270
1855,2822
1855,1936
1855,2508
1855,3236
1855,2848
1855,3125
1857,3282
1857,2602
1858,3666
1858,2123
1861,2278
1861,1961
1861,2209
1861,3715
1861,3030
1861,3117
1861,3449
1861,3339